gene,mutation
rt,D67E
rt,D67G
rt,D67N
rt,F116Y
rt,F77L
rt,G190A
rt,G190E
rt,G190S
rt,K101E
rt,K101P
rt,K103N
rt,K103S
rt,K219E
rt,K219N
rt,K219Q
rt,K219R
rt,K65R
rt,K70E
rt,K70R
rt,L100I
rt,L210W
rt,L74I
rt,L74V
rt,M184I
rt,M184V
rt,M230L
rt,M41L
rt,P225H
rt,Q151M
rt,T69D
rt,V106A
rt,V106M
rt,V179F
rt,V75A
rt,V75M
rt,V75S
rt,V75T
rt,Y115F
rt,Y188C
rt,Y188H
rt,Y188L
protease,D30N
protease,F53L
protease,F53Y
protease,G48M
protease,G48V
protease,G73A
protease,G73C
protease,G73S
protease,G73T
protease,I47A
protease,I47V
protease,I50L
protease,I50V
protease,I54L
protease,I54M
protease,I54V
protease,I55A
protease,I56T
protease,I57S
protease,I84A
protease,I84C
protease,I84V
protease,I85V
protease,L23I
protease,L24I
protease,L76I
protease,L76V
protease,L90M
protease,M46I
protease,M46L
protease,N83D
protease,N88D
protease,N88S
protease,V32I
protease,V82A
protease,V82F
protease,V82S
protease,V82T
integrase,E138A
integrase,E138K
integrase,E138T
integrase,E92G
integrase,E92Q
integrase,F121Y
integrase,G118R
integrase,G140A
integrase,G140C
integrase,G140S
integrase,G188R
integrase,N155H
integrase,Q148H
integrase,Q148K
integrase,Q148R
integrase,R263K
integrase,S147G
integrase,S230R
integrase,T66A
integrase,T66I
integrase,T66K
integrase,Y143C
integrase,Y143H
integrase,Y143R
integrase,Y143S